Year,Individual,Sex,Tagged,Lap,Behavior,Minutes,minutes.to.seconds,Seconds,hundreth.of.second,total.seconds
2016,4409,Female,Sham-Tagged,1,rest,0,0,2,36,2.36
2016,4409,Female,Sham-Tagged,2,flying,0,0,0,44,0.44
2016,4409,Female,Sham-Tagged,3,nectar,0,0,5,4,5.4
2016,4409,Female,Sham-Tagged,4,flying,0,0,2,42,2.42
2016,4409,Female,Sham-Tagged,5,nectar,8,480,10,85,490.85
2016,4409,Female,Sham-Tagged,6,flying,0,0,4,88,4.88
2016,4409,Female,Sham-Tagged,7,resting,0,0,4,99,4.99
2016,4409,Female,Sham-Tagged,8,flying,0,0,7,69,7.69
2016,4409,Female,Sham-Tagged,9,nectar,0,0,12,67,12.67
2016,4409,Female,Sham-Tagged,10,na,0,0,0,22,0.22
2016,4409,Female,Sham-Tagged,11,na,0,0,1,78,1.78
2016,4409,Female,Sham-Tagged,12,na,0,0,2,98,2.98
2016,4409,Female,Sham-Tagged,13,na,0,0,0,80,0.8
2016,4409,Female,Sham-Tagged,14,flying,0,0,1,70,1.7
2016,4409,Female,Sham-Tagged,15,nectaring,2,120,55,63,175.63
2016,4409,Female,Sham-Tagged,16,on milkweed,0,0,1,6,1.6
2016,4409,Female,Sham-Tagged,17,na,0,0,4,85,4.85
2016,4409,Female,Sham-Tagged,18,na,0,0,1,12,1.12
2016,4409,Female,Sham-Tagged,19,na,0,0,7,23,7.23
2016,4409,Female,Sham-Tagged,20,flying,0,0,0,74,0.74
2016,4409,Female,Sham-Tagged,21,on plant,0,0,4,63,4.63
2016,4409,Female,Sham-Tagged,22,na,0,0,1,15,1.15
2016,4409,Female,Sham-Tagged,23,na,0,0,2,17,2.17
2016,4409,Female,Sham-Tagged,24,na,0,0,1,29,1.29
2016,4409,Female,Sham-Tagged,25,flying,0,0,1,48,1.48
2016,4409,Female,Sham-Tagged,26,na,0,0,7,29,7.29
2016,4409,Female,Sham-Tagged,27,on plant,0,0,44,37,44.37
2016,4409,Female,Sham-Tagged,28,flying,0,0,3,95,3.95
2016,4409,Female,Sham-Tagged,29,on plant,0,0,51,48,51.48
2016,4409,Female,Sham-Tagged,30,flying,0,0,2,23,2.23
2016,4409,Female,Sham-Tagged,31,on plant,0,0,15,41,15.41
2016,4409,Female,Sham-Tagged,32,na,0,0,1,74,1.74
2016,4409,Female,Sham-Tagged,33,flying,0,0,11,0,11
2016,4409,Female,Sham-Tagged,34,on plant,0,0,9,75,9.75
2016,4409,Female,Sham-Tagged,35,flying,0,0,1,29,1.29
2016,4409,Female,Sham-Tagged,36,nectaring,0,0,13,13,13.13
2016,4409,Female,Sham-Tagged,37,flying,0,0,3,3,3.3
2016,4409,Female,Sham-Tagged,38,nectaring,1,60,23,38,83.38
2016,4409,Female,Sham-Tagged,39,on plant,0,0,38,66,38.66
2016,4409,Female,Sham-Tagged,40,ovipositing,0,0,9,92,9.92
2016,4409,Female,Sham-Tagged,41,on plant,0,0,38,66,38.66
2016,4409,Female,Sham-Tagged,42,flying,0,0,11,67,11.67
2016,4409,Female,Sham-Tagged,43,on plant,0,0,5,17,5.17
2016,4409,Female,Sham-Tagged,44,flying,0,0,31,59,31.59
2016,4409,Female,Sham-Tagged,45,on plant,1,60,19,1,79.1
2016,4403,Female,Untagged,1,nectar,7,420,53,21,473.21
2016,4403,Female,Untagged,2,fly,0,0,0,79,0.79
2016,4403,Female,Untagged,3,on plant,0,0,3,73,3.73
2016,4403,Female,Untagged,4,fly,0,0,0,31,0.31
2016,4403,Female,Untagged,5,on plant,0,0,1,11,1.11
2016,4403,Female,Untagged,6,fly,0,0,2,20,2.2
2016,4403,Female,Untagged,7,on plant,0,0,1,73,1.73
2016,4403,Female,Untagged,8,fly,0,0,1,52,1.52
2016,4403,Female,Untagged,9,on plant,0,0,3,66,3.66
2016,4403,Female,Untagged,10,fly,0,0,0,59,0.59
2016,4403,Female,Untagged,11,on plant,0,0,1,48,1.48
2016,4403,Female,Untagged,12,fly,0,0,0,41,0.41
2016,4403,Female,Untagged,13,on plant,0,0,2,82,2.82
2016,4403,Female,Untagged,14,fly,0,0,1,56,1.56
2016,4403,Female,Untagged,15,on plant,0,0,0,22,0.22
2016,4403,Female,Untagged,16,fly,0,0,2,62,2.62
2016,4403,Female,Untagged,17,on plant,0,0,1,65,1.65
2016,4403,Female,Untagged,18,fly,0,0,3,6,3.6
2016,4403,Female,Untagged,19,on plant,0,0,1,95,1.95
2016,4403,Female,Untagged,20,fly,0,0,38,8,38.8
2016,4403,Female,Untagged,21,on plant,0,0,9,15,9.15
2016,4403,Female,Untagged,22,fly,0,0,1,17,1.17
2016,4403,Female,Untagged,23,on plant,0,0,38,35,38.35
2016,4403,Female,Untagged,24,fly,0,0,0,88,0.88
2016,4403,Female,Untagged,25,on plant,0,0,6,38,6.38
2016,4403,Female,Untagged,26,fly,0,0,0,79,0.79
2016,4403,Female,Untagged,27,on plant,0,0,3,2,3.2
2016,4403,Female,Untagged,28,fly,0,0,4,70,4.7
2016,4403,Female,Untagged,29,on plant,0,0,4,53,4.53
2016,4403,Female,Untagged,30,fly,0,0,7,79,7.79
2016,4403,Female,Untagged,31,on plant,0,0,10,44,10.44
2016,4403,Female,Untagged,32,fly,0,0,2,90,2.9
2016,4403,Female,Untagged,33,on plant,0,0,1,53,1.53
2016,4403,Female,Untagged,34,fly,0,0,5,13,5.13
2016,4403,Female,Untagged,35,on plant,0,0,4,33,4.33
2016,4403,Female,Untagged,36,fly,0,0,14,37,14.37
2016,4403,Female,Untagged,37,on plant,0,0,1,60,1.6
2016,4403,Female,Untagged,38,fly,0,0,2,87,2.87
2016,4403,Female,Untagged,39,on plant,0,0,3,57,3.57
2016,4403,Female,Untagged,40,fly,0,0,1,81,1.81
2016,4403,Female,Untagged,41,on plant,0,0,10,62,10.62
2016,4403,Female,Untagged,42,fly,0,0,0,98,0.98
2016,4403,Female,Untagged,43,on plant,0,0,2,3,2.3
2016,4403,Female,Untagged,44,fly,0,0,19,85,19.85
2016,4403,Female,Untagged,45,on plant,0,0,5,23,5.23
2016,4403,Female,Untagged,46,fly,0,0,1,44,1.44
2016,4403,Female,Untagged,47,on plant,0,0,9,59,9.59
2016,4403,Female,Untagged,48,fly,0,0,16,33,16.33
2016,4403,Female,Untagged,49,on plant,0,0,3,96,3.96
2016,4403,Female,Untagged,50,fly,0,0,2,46,2.46
2016,4403,Female,Untagged,51,on plant,0,0,3,65,3.65
2016,4403,Female,Untagged,52,fly,0,0,12,23,12.23
2016,4403,Female,Untagged,53,on plant,0,0,2,56,2.56
2016,4403,Female,Untagged,54,fly,0,0,0,41,0.41
2016,4403,Female,Untagged,55,on plant,0,0,2,53,2.53
2016,4403,Female,Untagged,56,fly,0,0,6,52,6.52
2016,4403,Female,Untagged,57,on plant,0,0,8,88,8.88
2016,4403,Female,Untagged,58,fly,0,0,10,53,10.53
2016,4403,Female,Untagged,59,on plant,0,0,2,93,2.93
2016,4403,Female,Untagged,60,fly,0,0,0,23,0.23
2016,4403,Female,Untagged,61,on plant,0,0,0,14,0.14
2016,4403,Female,Untagged,62,fly,0,0,0,92,0.92
2016,4403,Female,Untagged,63,on plant,0,0,3,95,3.95
2016,4403,Female,Untagged,64,fly,0,0,4,6,4.6
2016,4403,Female,Untagged,65,on plant,0,0,1,22,1.22
2016,4403,Female,Untagged,66,fly,0,0,1,10,1.1
2016,4403,Female,Untagged,67,on plant,0,0,1,47,1.47
2016,4403,Female,Untagged,68,fly,0,0,2,35,2.35
2016,4403,Female,Untagged,69,on plant,0,0,3,85,3.85
2016,4403,Female,Untagged,70,fly,0,0,7,31,7.31
2016,4403,Female,Untagged,71,on plant,0,0,2,45,2.45
2016,4403,Female,Untagged,72,fly,0,0,14,23,14.23
2016,4403,Female,Untagged,73,on plant,0,0,3,48,3.48
2016,4403,Female,Untagged,74,fly,0,0,3,47,3.47
2016,4403,Female,Untagged,75,on plant,0,0,0,67,0.67
2016,4403,Female,Untagged,76,fly,0,0,3,72,3.72
2016,4403,Female,Untagged,77,on plant,0,0,4,14,4.14
2016,4403,Female,Untagged,78,fly,0,0,6,91,6.91
2016,4403,Female,Untagged,79,on plant,0,0,8,41,8.41
2016,4403,Female,Untagged,80,fly,0,0,1,68,1.68
2016,4403,Female,Untagged,81,on plant,0,0,1,94,1.94
2016,4403,Female,Untagged,82,fly,0,0,9,83,9.83
2016,4403,Female,Untagged,83,on plant,0,0,1,5,1.5
2016,4403,Female,Untagged,84,fly,0,0,6,56,6.56
2016,4403,Female,Untagged,85,on plant,0,0,1,33,1.33
2016,4403,Female,Untagged,86,fly,0,0,12,60,12.6
2016,4403,Female,Untagged,87,nectar,4,240,59,98,299.98
2016,4404,Female,Sham-Tagged,1,rest,0,0,4,52,4.52
2016,4404,Female,Sham-Tagged,2,flying,0,0,3,60,3.6
2016,4404,Female,Sham-Tagged,3,nectaring,1,60,9,47,69.47
2016,4404,Female,Sham-Tagged,4,flying,0,0,3,1,3.1
2016,4404,Female,Sham-Tagged,5,on plant,0,0,2,98,2.98
2016,4404,Female,Sham-Tagged,6,flying,0,0,3,30,3.3
2016,4404,Female,Sham-Tagged,7,on plant,0,0,1,33,1.33
2016,4404,Female,Sham-Tagged,8,flying,0,0,0,81,0.81
2016,4404,Female,Sham-Tagged,9,nectaring,1,60,53,42,113.42
2016,4404,Female,Sham-Tagged,10,flying,0,0,7,40,7.4
2016,4404,Female,Sham-Tagged,11,resting,0,0,1,95,1.95
2016,4404,Female,Sham-Tagged,12,flying,0,0,14,17,14.17
2016,4404,Female,Sham-Tagged,13,nectaring,16,960,14,37,974.37
2016,4440,Male,Sham-Tagged,1,flying,0,0,5,0,5
2016,4440,Male,Sham-Tagged,2,trying to fly,0,0,55,0,55
2016,4440,Male,Sham-Tagged,3,resting/cleaning antennae,19,1140,0,0,1140
2016,4442,Male,Sham-Tagged,1,start/rest,0,0,2,9,2.9
2016,4442,Male,Sham-Tagged,2,fly,0,0,4,15,4.15
2016,4442,Male,Sham-Tagged,3,nectar,7,420,47,66,467.66
2016,4442,Male,Sham-Tagged,4,fly,0,0,0,78,0.78
2016,4442,Male,Sham-Tagged,5,nectar,9,540,10,22,550.22
2016,4442,Male,Sham-Tagged,6,fly,0,0,3,13,3.13
2016,4442,Male,Sham-Tagged,7,nectar,0,0,21,78,21.78
2016,4442,Male,Sham-Tagged,8,fly,0,0,31,64,31.64
2016,4442,Male,Sham-Tagged,9,nectar,1,60,14,87,74.87
2016,4442,Male,Sham-Tagged,10,fly,0,0,1,53,1.53
2016,4442,Male,Sham-Tagged,11,nectar,0,0,19,84,19.84
2016,4450,Female,Untagged,1,rest,0,0,29,88,29.88
2016,4450,Female,Untagged,2,nectar,0,0,30,7,30.7
2016,4450,Female,Untagged,3,flying,0,0,2,90,2.9
2016,4450,Female,Untagged,4,nectar,0,0,22,92,22.92
2016,4450,Female,Untagged,5,flying,0,0,1,35,1.35
2016,4450,Female,Untagged,6,nectar,0,0,13,10,13.1
2016,4450,Female,Untagged,7,flying,0,0,6,98,6.98
2016,4450,Female,Untagged,8,nectar,0,0,13,67,13.67
2016,4450,Female,Untagged,9,flying,0,0,1,71,1.71
2016,4450,Female,Untagged,10,nectar,0,0,22,38,22.38
2016,4450,Female,Untagged,11,flying,0,0,1,48,1.48
2016,4450,Female,Untagged,12,nectar,0,0,8,46,8.46
2016,4450,Female,Untagged,13,flying,0,0,0,63,0.63
2016,4450,Female,Untagged,14,nectar,0,0,3,51,3.51
2016,4450,Female,Untagged,15,flying,0,0,0,33,0.33
2016,4450,Female,Untagged,16,nectar,0,0,13,18,13.18
2016,4450,Female,Untagged,17,flying,0,0,1,0,1
2016,4450,Female,Untagged,18,nectar,0,0,7,30,7.3
2016,4450,Female,Untagged,19,flying,0,0,2,15,2.15
2016,4450,Female,Untagged,20,nectar,0,0,35,33,35.33
2016,4450,Female,Untagged,21,flying,0,0,1,4,1.4
2016,4450,Female,Untagged,22,nectar,0,0,12,51,12.51
2016,4450,Female,Untagged,23,flying,0,0,2,4,2.4
2016,4450,Female,Untagged,24,nectar,14,840,5,3,845.3
2016,4450,Female,Untagged,25,flying,0,0,7,95,7.95
2016,4450,Female,Untagged,26,nectar,0,0,15,83,15.83
2016,4450,Female,Untagged,27,flying,0,0,2,46,2.46
2016,4450,Female,Untagged,28,nectar,0,0,5,10,5.1
2016,4450,Female,Untagged,29,flying,0,0,3,9,3.9
2016,4450,Female,Untagged,30,nectar,0,0,32,31,32.31
2016,4450,Female,Untagged,31,flying,0,0,0,36,0.36
2016,4450,Female,Untagged,32,nectar,0,0,59,1,59.1
2016,4460,Female,Untagged,1,start/rest,0,0,33,76,33.76
2016,4460,Female,Untagged,2,fly,0,0,0,46,0.46
2016,4460,Female,Untagged,3,On Plant,0,0,0,48,0.48
2016,4460,Female,Untagged,4,fly,0,0,0,35,0.35
2016,4460,Female,Untagged,5,nectar,0,0,2,70,2.7
2016,4460,Female,Untagged,6,fly,0,0,33,69,33.69
2016,4460,Female,Untagged,7,nectar,0,0,3,76,3.76
2016,4460,Female,Untagged,8,fly,8,480,11,15,491.15
2016,4460,Female,Untagged,9,nectar,0,0,0,86,0.86
2016,4460,Female,Untagged,10,fly,3,180,25,14,205.14
2016,4460,Female,Untagged,11,On Plant,0,0,0,36,0.36
2016,4460,Female,Untagged,12,fly,0,0,22,33,22.33
2016,4460,Female,Untagged,13,On Plant,0,0,2,46,2.46
2016,4460,Female,Untagged,14,fly,0,0,1,86,1.86
2016,4460,Female,Untagged,15,nectar,0,0,0,44,0.44
2016,4460,Female,Untagged,16,fly,5,300,51,25,351.25
2016,4460,Female,Untagged,17,taste,0,0,8,64,8.64
2016,4460,Female,Untagged,18,fly,0,0,10,97,10.97
2016,4460,Female,Untagged,19,taste,0,0,8,4,8.04
2016,4460,Female,Untagged,20,fly,0,0,6,19,6.19
2016,4460,Female,Untagged,21,nectar,0,0,4,7,4.07
2016,4462,Female,Sham-Tagged,1,start/rest,0,0,10,6,10.06
2016,4462,Female,Sham-Tagged,2,fly,0,0,1,48,1.48
2016,4462,Female,Sham-Tagged,3,nectar,0,0,18,61,18.61
2016,4462,Female,Sham-Tagged,4,fly,0,0,0,19,0.19
2016,4462,Female,Sham-Tagged,5,On Plant,0,0,1,86,1.86
2016,4462,Female,Sham-Tagged,6,fly,0,0,0,54,0.54
2016,4462,Female,Sham-Tagged,7,nectar,4,240,57,50,297.5
2016,4462,Female,Sham-Tagged,8,fly,0,0,0,53,0.53
2016,4462,Female,Sham-Tagged,9,nectar,0,0,10,93,10.93
2016,4462,Female,Sham-Tagged,10,fly,0,0,27,53,27.53
2016,4462,Female,Sham-Tagged,11,nectar,0,0,1,44,1.44
2016,4462,Female,Sham-Tagged,12,fly,7,420,20,4,440.04
2016,4462,Female,Sham-Tagged,13,On Plant,0,0,1,20,1.2
2016,4462,Female,Sham-Tagged,14,fly,0,0,2,91,2.91
2016,4462,Female,Sham-Tagged,15,nectar,0,0,0,86,0.86
2016,4462,Female,Sham-Tagged,16,fly,1,60,23,53,83.53
2016,4462,Female,Sham-Tagged,17,nectar,0,0,0,65,0.65
2016,4462,Female,Sham-Tagged,18,fly,1,60,49,36,109.36
2016,4462,Female,Sham-Tagged,19,On Plant,0,0,0,81,0.81
2016,4462,Female,Sham-Tagged,20,fly,0,0,23,45,23.45
2016,4462,Female,Sham-Tagged,21,nectar,0,0,0,68,0.68
2016,4462,Female,Sham-Tagged,22,fly,1,60,20,84,40.84
2016,4462,Female,Sham-Tagged,23,On Plant,0,0,0,54,0.54
2016,4462,Female,Sham-Tagged,24,fly,0,0,13,61,13.61
2016,4462,Female,Sham-Tagged,25,nectar,0,0,0,46,0.46
2016,4467,Female,Sham-Tagged,1,start/rest,0,0,3,0.56,3.56
2016,4467,Female,Sham-Tagged,2,fly,0,0,0,0.81,0.81
2016,4467,Female,Sham-Tagged,3,nectar,19,1140,56,0.66,1196.66
2016,4468,Female,Untagged,1,start/rest,0,0,3,71,3.71
2016,4468,Female,Untagged,2,Flying,0,0,0,66,0.66
2016,4468,Female,Untagged,3,Nectaring,19,1140,56,73,1196.73
2016,4471,Female,Untagged,1,start/rest,0,0,6,84,6.84
2016,4471,Female,Untagged,2,fly,0,0,0,35,0.35
2016,4471,Female,Untagged,3,nectar,0,0,58,82,58.82
2016,4471,Female,Untagged,4,fly,0,0,2,26,2.26
2016,4471,Female,Untagged,5,nectar,0,0,40,73,40.73
2016,4471,Female,Untagged,6,fly,0,0,0,66,0.66
2016,4471,Female,Untagged,7,nectar,0,0,9,74,9.74
2016,4471,Female,Untagged,8,fly,0,0,0,40,0.4
2016,4471,Female,Untagged,9,nectar,1,60,35,19,95.19
2016,4471,Female,Untagged,10,fly,0,0,0,44,0.44
2016,4471,Female,Untagged,11,nectar,1,60,7,57,67.57
2016,4471,Female,Untagged,12,fly,0,0,0,71,0.71
2016,4471,Female,Untagged,13,nectar,0,0,8,80,8.8
2016,4471,Female,Untagged,14,fly,0,0,0,24,0.24
2016,4471,Female,Untagged,15,nectar,0,0,28,33,28.33
2016,4471,Female,Untagged,16,fly,0,0,1,20,1.2
2016,4471,Female,Untagged,17,nectar,0,0,11,41,11.41
2016,4471,Female,Untagged,18,fly,0,0,0,69,0.69
2016,4471,Female,Untagged,19,nectar,0,0,6,96,6.96
2016,4471,Female,Untagged,20,fly,0,0,0,34,0.34
2016,4471,Female,Untagged,21,nectar,0,0,2,83,2.83
2016,4471,Female,Untagged,22,fly,0,0,0,79,0.79
2016,4471,Female,Untagged,23,nectar,0,0,15,11,15.11
2016,4471,Female,Untagged,24,fly,0,0,0,61,0.61
2016,4471,Female,Untagged,25,nectar,0,0,3,66,3.66
2016,4471,Female,Untagged,26,fly,0,0,0,33,0.33
2016,4471,Female,Untagged,27,nectar,0,0,6,70,6.7
2016,4471,Female,Untagged,28,fly,0,0,6,30,6.3
2016,4471,Female,Untagged,29,nectar,0,0,13,78,13.78
2016,4471,Female,Untagged,30,fly,0,0,1,66,1.66
2016,4471,Female,Untagged,31,nectar,1,60,1,77,61.77
2016,4471,Female,Untagged,32,fly,0,0,0,63,0.63
2016,4471,Female,Untagged,33,nectar,0,0,11,60,11.6
2016,4471,Female,Untagged,34,fly,0,0,1,83,1.83
2016,4471,Female,Untagged,35,nectar,0,0,13,8,13.08
2016,4471,Female,Untagged,36,fly,0,0,4,31,4.31
2016,4471,Female,Untagged,37,nectar,0,0,4,50,4.5
2016,4471,Female,Untagged,38,fly,0,0,5,1,5.01
2016,4471,Female,Untagged,39,on plant,1,60,30,32,90.32
2016,4471,Female,Untagged,40,fly,0,0,1,56,1.56
2016,4471,Female,Untagged,41,on plant,2,120,9,58,129.58
2016,4471,Female,Untagged,42,fly,0,0,0,78,0.78
2016,4471,Female,Untagged,43,on plant,0,0,1,26,1.26
2016,4471,Female,Untagged,44,fly,0,0,0,86,0.86
2016,4471,Female,Untagged,45,on plant,0,0,0,46,0.46
2016,4471,Female,Untagged,46,fly,0,0,0,40,0.4
2016,4471,Female,Untagged,47,on plant,0,0,10,43,10.43
2016,4471,Female,Untagged,48,fly,0,0,4,1,4.01
2016,4471,Female,Untagged,49,on plant,0,0,5,64,5.64
2016,4471,Female,Untagged,50,fly,0,0,11,28,11.28
2016,4471,Female,Untagged,51,on plant,0,0,4,58,4.58
2016,4471,Female,Untagged,52,fly,0,0,4,35,4.35
2016,4471,Female,Untagged,53,on plant,1,60,7,45,67.45
2016,4471,Female,Untagged,54,fly,0,0,1,36,1.36
2016,4471,Female,Untagged,55,on plant,0,0,5,66,5.66
2016,4471,Female,Untagged,56,fly,0,0,1,25,1.25
2016,4471,Female,Untagged,57,on plant,0,0,17,18,17.18
2016,4471,Female,Untagged,58,fly,0,0,3,49,3.49
2016,4471,Female,Untagged,59,on plant,1,60,44,6,104.06
2016,4471,Female,Untagged,60,fly,1,60,16,97,76.97
2016,4471,Female,Untagged,61,on plant,0,0,7,93,7.93
2016,4471,Female,Untagged,62,fly,0,0,31,85,31.85
2016,4471,Female,Untagged,63,on plant,0,0,2,89,2.89
2016,4471,Female,Untagged,64,fly,0,0,17,53,17.53
2016,4471,Female,Untagged,65,on plant,0,0,0,43,0.43
2016,4471,Female,Untagged,66,fly,0,0,8,68,8.68
2016,4471,Female,Untagged,67,on plant,0,0,0,96,0.96
2016,4471,Female,Untagged,68,fly,0,0,3,6,3.06
2016,4471,Female,Untagged,69,on plant,0,0,21,40,21.4
2016,4471,Female,Untagged,70,fly,0,0,3,93,3.93
2016,4471,Female,Untagged,71,on plant,0,0,4,68,4.68
2016,4471,Female,Untagged,72,fly,0,0,5,59,5.59
2016,4471,Female,Untagged,73,on plant,0,0,0,0,0
2016,4471,Female,Untagged,74,fly,0,0,4,6,4.06
2016,4471,Female,Untagged,75,nectar,0,0,20,28,20.28
2016,4471,Female,Untagged,76,fly,0,0,18,3,18.03
2016,4471,Female,Untagged,77,na,0,0,14,36,14.36
2016,4471,Female,Untagged,78,na,0,0,1,51,1.51
2016,4471,Female,Untagged,79,na,0,0,1,6,1.06
2016,4472,Female,Untagged,1,start/taste,0,0,33,69,33.69
2016,4472,Female,Untagged,2,fly,0,0,2,70,2.7
2016,4472,Female,Untagged,3,on plant,0,0,0,35,0.35
2016,4472,Female,Untagged,4,fly,0,0,0,48,0.48
2016,4472,Female,Untagged,5,nectar,0,0,0,46,0.46
2016,4472,Female,Untagged,6,fly,0,0,33,76,33.76
2016,4472,Female,Untagged,7,nectar,0,0,3,76,3.76
2016,4472,Female,Untagged,8,fly,8,480,11,15,491.15
2016,4472,Female,Untagged,9,nectar,0,0,0,86,0.86
2016,4472,Female,Untagged,10,fly,3,180,25,14,205.14
2016,4472,Female,Untagged,11,on plant,0,0,0,36,0.36
2016,4472,Female,Untagged,12,fly,0,0,22,33,22.33
2016,4472,Female,Untagged,13,on plant,0,0,2,46,2.46
2016,4472,Female,Untagged,14,fly,0,0,1,86,1.86
2016,4472,Female,Untagged,15,nectar,0,0,0,44,0.44
2016,4472,Female,Untagged,16,fly,5,300,51,25,351.25
2016,4472,Female,Untagged,17,tasting,0,0,8,64,8.64
2016,4472,Female,Untagged,18,fly,0,0,10,97,10.97
2016,4472,Female,Untagged,19,tasting,0,0,8,4,8.04
2016,4472,Female,Untagged,20,fly,0,0,6,19,6.19
2016,4472,Female,Untagged,21,nectar,0,0,4,7,4.07
2016,3,Female,Sham-Tagged,1,Start/rest,0,0,5,74,5.74
2016,3,Female,Sham-Tagged,2,fly,0,0,1,4,1.04
2016,3,Female,Sham-Tagged,3,rest,19,1140,54,31,1194.31
2016,4,Female,Untagged,1,start/fly,0,0,1,0,1
2016,4,Female,Untagged,2,nectar,0,0,5,86,5.86
2016,4,Female,Untagged,3,rest,0,0,42,3,42.03
2016,4,Female,Untagged,4,nectar,0,0,40,3,40.03
2016,4,Female,Untagged,5,rest,6,360,42,48,402.48
2016,4,Female,Untagged,6,nectar,0,0,44,20,44.2
2016,4,Female,Untagged,7,fly,0,0,12,83,12.83
2016,4,Female,Untagged,8,rest,0,0,7,91,7.91
2016,4,Female,Untagged,9,nectar,0,0,15,66,15.66
2016,4,Female,Untagged,10,fly,0,0,2,5,2.05
2016,4,Female,Untagged,11,nectar,0,0,6,88,6.88
2016,4,Female,Untagged,12,fly,0,0,37,43,37.43
2016,4,Female,Untagged,13,nectar,0,0,17,56,17.56
2016,4,Female,Untagged,14,fly,0,0,4,45,4.45
2016,4,Female,Untagged,15,nectar,3,180,37,51,217.51
2016,4,Female,Untagged,16,rest,0,0,3,24,3.24
2016,4,Female,Untagged,17,fly,0,0,13,68,13.68
2016,4,Female,Untagged,18,nectar,1,60,46,20,106.2
2016,4,Female,Untagged,19,fly,0,0,1,71,1.71
2016,4,Female,Untagged,20,nectar,0,0,0,88,0.88
2016,4,Female,Untagged,21,fly,0,0,1,50,1.5
2016,4,Female,Untagged,22,rest,1,60,1,73,61.73
2016,4,Female,Untagged,23,fly,0,0,4,20,4.2
2016,4,Female,Untagged,24,nectar,0,0,8,28,8.28
2016,4,Female,Untagged,25,fly,0,0,4,46,4.46
2016,4,Female,Untagged,26,nectar,2,120,17,70,137.7
2016,5,Female,Untagged,1,Start/rest,0,0,4,56,4.56
2016,5,Female,Untagged,3,rest,19,1140,56,41,1196.41
2017,!1,Male,Untagged,1.00,Start Timer and Place Monarch,NA,NA,NA,NA,NA
2017,!1,Male,Untagged,2.00,Rest,0.00,0.00,3.00,10.00,3.10
2017,!1,Male,Untagged,3.00,Fly (Direction?),0.00,0.00,16.00,49.00,16.49
2017,!1,Male,Untagged,4.00,Land (See Pict… some type of grass?) and Rest,0.00,0.00,41.00,33.00,41.33
2017,!1,Male,Untagged,5.00,Fly (N/NE),0.00,0.00,3.00,52.00,3.52
2017,!1,Male,Untagged,6.00,Land (See pict… yellow flower) and Nectar ,0.00,0.00,23.00,37.00,23.37
2017,!1,Male,Untagged,7.00,Fly (N/NE),0.00,0.00,3.00,47.00,3.47
2017,!1,Male,Untagged,8.00,Land (See pict… same yellow flowered plant as above) and Nectar,0.00,0.00,51.00,26.00,51.26
2017,!1,Male,Untagged,9.00,See Note at top... ,0.00,0.00,34.00,85.00,34.85
2017,!100,Female,Untagged,1.00,Start Timer and Place Monarch,NA,NA,NA,NA,NA
2017,!100,Female,Untagged,2.00,Fly (North),0.00,0.00,11.00,13.00,11.13
2017,!100,Female,Untagged,3.00,Land (Crab Apple Tree) and Rest,6.00,360.00,51.00,39.00,411.39
2017,!100,Female,Untagged,4.00,Fly (North East),0.00,0.00,9.00,87.00,9.87
2017,!100,Female,Untagged,5.00,Land (Yellow Ox Sunflower) and Rest,1.00,60.00,14.00,37.00,74.37
2017,!100,Female,Untagged,6.00,Fly (North East),0.00,0.00,23.00,50.00,23.50
2017,!100,Female,Untagged,7.00,Land (Bee Balm) and Rest,11.00,660.00,49.00,97.00,709.97
2017,!11,Male,Sham-Tagged,1.00,Start Timer and Place Monarch,NA,NA,NA,NA,NA
2017,!11,Male,Sham-Tagged,2.00,Rest,0.00,0.00,8.00,19.00,8.19
2017,!11,Male,Sham-Tagged,3.00,Fly (SE - with the wind) ,0.00,0.00,20.00,68.00,20.68
2017,!11,Male,Sham-Tagged,4.00,Touch (was just going in for landing/just landed) ,0.00,0.00,0.00,70.00,0.70
2017,!11,Male,Sham-Tagged,5.00,See Note at top…,1.00,60.00,0.00,0.00,60.00
2017,!12,Female,Untagged,1.00,Start Timer and Place Monarch,NA,NA,NA,NA,NA
2017,!12,Female,Untagged,2.00,Nectar,1.00,60.00,27.00,11.00,87.11
2017,!12,Female,Untagged,3.00,Clean,0.00,0.00,45.00,88.00,45.88
2017,!12,Female,Untagged,4.00,Nectar,3.00,180.00,54.00,76.00,234.76
2017,!12,Female,Untagged,5.00,Clean,0.00,0.00,57.00,2.00,57.02
2017,!12,Female,Untagged,6.00,Rest,0.00,0.00,40.00,70.00,40.70
2017,!12,Female,Untagged,7.00,Nectar,0.00,0.00,24.00,20.00,24.20
2017,!12,Female,Untagged,8.00,Rest,0.00,0.00,23.00,35.00,23.35
2017,!12,Female,Untagged,9.00,Nectar,1.00,60.00,42.00,95.00,102.95
2017,!12,Female,Untagged,10.00,Rest,1.00,60.00,25.00,73.00,85.73
2017,!12,Female,Untagged,11.00,Nectar,8.00,480.00,11.00,31.00,491.31
2017,!14,Female,Sham-Tagged,1.00,Start Timer and Place Monarch,NA,NA,NA,NA,NA
2017,!14,Female,Sham-Tagged,2.00,Rest,0.00,0.00,18.00,44.00,18.44
2017,!14,Female,Sham-Tagged,3.00,Fly (N),0.00,0.00,3.00,75.00,3.75
2017,!14,Female,Sham-Tagged,4.00,Land (on Hay) and Rest,19.00,1140.00,32.00,94.00,1172.94
2017,!14,Female,Sham-Tagged,5.00,Rest,0.00,0.00,33.00,55.00,33.55
2017,!14,Female,Sham-Tagged,6.00,Taste,0.00,0.00,11.00,70.00,11.70
2017,!14,Female,Sham-Tagged,7.00,Rest,2.00,120.00,27.00,27.00,147.27
2017,!6,Female,Sham-Tagged,1.00,Start Timer and Place Monarch,NA,NA,NA,NA,NA
2017,!6,Female,Sham-Tagged,2.00,Flutter (Feet did not leave plant)  trying to get better grip,0.00,0.00,35.00,36.00,35.36
2017,!6,Female,Sham-Tagged,3.00,Rest ,19.00,1140.00,20.00,65.00,1160.65
2017,!6,Female,Sham-Tagged,4.00,Rest ,2.00,120.00,1.00,49.00,121.49
2017,!6,Female,Sham-Tagged,5.00,Nectar,7.00,420.00,14.00,77.00,434.77
2017,!6,Female,Sham-Tagged,6.00,Rest ,0.00,0.00,13.00,96.00,13.96
2017,!6,Female,Sham-Tagged,7.00,Nectar,0.00,0.00,29.00,61.00,29.61
2017,!2,Male,Untagged,1.00,Start Timer and Place Monarch,NA,NA,NA,NA,NA
2017,!2,Male,Untagged,2.00,Nectar (Feed),0.00,0.00,18.00,74.00,18.74
2017,!2,Male,Untagged,3.00,Nectar (Taste/Feed),6.00,360.00,24.00,11.00,384.11
2017,!2,Male,Untagged,4.00,Nectar (Taste),0.00,0.00,7.00,65.00,7.65
2017,!2,Male,Untagged,5.00,Nectar (Feed),1.00,60.00,28.00,72.00,88.72
2017,!2,Male,Untagged,6.00,Rest,3.00,180.00,48.00,45.00,228.45
2017,!2,Male,Untagged,7.00,Clean,0.00,0.00,7.00,97.00,7.97
2017,!2,Male,Untagged,8.00,Nectar (Taste),0.00,0.00,10.00,52.00,10.52
2017,!2,Male,Untagged,9.00,Nectar (Feed),0.00,0.00,54.00,43.00,54.43
2017,!2,Male,Untagged,10.00,Rest,1.00,60.00,39.00,33.00,99.33
2017,!2,Male,Untagged,11.00,Nectar (Taste),0.00,0.00,5.00,66.00,5.66
2017,!2,Male,Untagged,12.00,Rest,2.00,120.00,13.00,46.00,133.46
2017,!2,Male,Untagged,13.00,Nectar (Taste),0.00,0.00,3.00,95.00,3.95
2017,!2,Male,Untagged,14.00,Rest,2.00,120.00,40.00,72.00,160.72
2017,!3,Female,Sham-Tagged,1.00,Start Timer and Place Monarch,NA,NA,NA,NA,NA
2017,!3,Female,Sham-Tagged,2.00,Nectar (Feed),0.00,0.00,9.00,4.00,9.40
2017,!3,Female,Sham-Tagged,3.00,Nectar (Taste),0.00,0.00,50.00,90.00,50.96
2017,!3,Female,Sham-Tagged,4.00,Nectar (Feed),0.00,0.00,4.00,70.00,4.70
2017,!3,Female,Sham-Tagged,5.00,Nectar (Taste),0.00,0.00,7.00,37.00,7.37
2017,!3,Female,Sham-Tagged,6.00,Nectar (Feed),0.00,0.00,7.00,76.00,7.76
2017,!3,Female,Sham-Tagged,7.00,Nectar (Taste),1.00,60.00,42.00,70.00,102.70
2017,!3,Female,Sham-Tagged,8.00,Nectar (Feed),0.00,0.00,38.00,84.00,38.84
2017,!3,Female,Sham-Tagged,9.00,Nectar (Taste),0.00,0.00,4.00,51.00,4.51
2017,!3,Female,Sham-Tagged,10.00,Fly (W aka with the wind),0.00,0.00,3.00,19.00,3.19
2017,!3,Female,Sham-Tagged,11.00,Land (Common milk weed) and Rest,0.00,0.00,9.00,41.00,9.41
2017,!3,Female,Sham-Tagged,12.00,Rest,0.00,0.00,25.00,67.00,25.67
2017,!3,Female,Sham-Tagged,13.00,Fly (W aka with wind),1.00,60.00,41.00,25.00,101.25
2017,!3,Female,Sham-Tagged,14.00,See Note at top… ,0.00,0.00,24.00,14.00,24.14
2017,!42,Male,Untagged,1.00,Start Timer and Place Monarch,NA,NA,NA,NA,NA
2017,!42,Male,Untagged,2.00,Rest,0.00,0.00,47.00,9.00,47.09
2017,!42,Male,Untagged,3.00,Fly (NE),0.00,0.00,6.00,11.00,6.11
2017,!42,Male,Untagged,4.00,Land (See Pict 1… Apple tree?) and Rest,17.00,1020.00,52.00,31.00,1072.52
2017,!42,Male,Untagged,5.00,Fly (NE/N),0.00,0.00,12.00,34.00,12.34
2017,!42,Male,Untagged,6.00,Land (Common milk weed leaf) and Rest,1.00,60.00,1.00,25.00,61.25
2017,!43,Male,Untagged,1.00,Start Timer and Place Monarch ,NA,NA,NA,NA,NA
2017,!43,Male,Untagged,2.00,Nectar,3.00,180.00,31.00,61.00,211.00
2017,!43,Male,Untagged,3.00,Fly (South West),0.00,0.00,5.00,0.00,5.00
2017,!43,Male,Untagged,4.00,Land (Dead plant stick) and Rest,4.00,240.00,5.00,83.00,245.83
2017,!43,Male,Untagged,5.00,Fly (Direction ?),0.00,0.00,0.00,87.00,0.87
2017,!43,Male,Untagged,6.00,Land (Common Milk Weed Leaf) and Rest,0.00,0.00,1.00,64.00,1.64
2017,!43,Male,Untagged,7.00,Fly (Direction ?),0.00,0.00,0.00,75.00,0.75
2017,!43,Male,Untagged,8.00,Land (Ox Eyed Sunflower) and Rest,0.00,0.00,2.00,76.00,2.76
2017,!43,Male,Untagged,9.00,Fly (Direction ?),0.00,0.00,1.00,84.00,1.84
2017,!43,Male,Untagged,10.00,Land (Common Milk Weed Flower) and Nectar,2.00,120.00,36.00,67.00,156.67
2017,!43,Male,Untagged,11.00,Fly (South) ,0.00,0.00,12.00,83.00,12.83
2017,!43,Male,Untagged,12.00,Land (Common Milk Weed Flower) and Nectar,1.00,60.00,12.00,83.00,72.83
2017,!43,Male,Untagged,13.00,Fly (North),0.00,0.00,3.00,36.00,3.36
2017,!43,Male,Untagged,14.00,Land (Ox Eyed Sunflower) and Rest,0.00,0.00,0.00,94.00,0.94
2017,!43,Male,Untagged,15.00,Fly (South) ,0.00,0.00,2.00,43.00,2.43
2017,!43,Male,Untagged,16.00,Land (Common Milk Weed ?) and Rest,0.00,0.00,19.00,37.00,19.37
2017,!43,Male,Untagged,17.00,Fly (South) ,0.00,0.00,10.00,50.00,10.50
2017,!43,Male,Untagged,18.00,Land (On Grass in the Underbrush) and Nectar,0.00,0.00,4.00,36.00,4.36
2017,!43,Male,Untagged,19.00,Fly (South) ,0.00,0.00,1.00,40.00,1.40
2017,!43,Male,Untagged,20.00,Land (Bee Balm) and Rest,4.00,240.00,33.00,73.00,273.73
2017,!43,Male,Untagged,21.00,Fly ( Direction ?),0.00,0.00,11.00,60.00,11.60
2017,!43,Male,Untagged,22.00,Land (Bull Thistle Flower) and Nectar,0.00,0.00,10.00,30.00,10.30
2017,!43,Male,Untagged,23.00,Fly (Direction ?),0.00,0.00,6.00,19.00,6.19
2017,!43,Male,Untagged,24.00,Land (Bull Thistle Flower) and Nectar,2.00,120.00,15.00,0.00,135.00
2017,!43,Male,Untagged,25.00,Fly (Direction ?),0.00,0.00,14.00,94.00,14.94
2017,!43,Male,Untagged,26.00,Land (Bee Balm) and Rest,0.00,0.00,3.00,16.00,3.16
2017,!46,Female,Sham-Tagged,1.00,Start Timer and Place Monarch,NA,NA,NA,NA,NA
2017,!46,Female,Sham-Tagged,2.00,Rest,0.00,0.00,2.00,40.00,2.40
2017,!46,Female,Sham-Tagged,3.00,Fly (Direction West / NorthWest),0.00,0.00,4.00,25.00,4.25
2017,!46,Female,Sham-Tagged,4.00,Land (Bee Balm) and Rest,2.00,120.00,21.00,45.00,141.45
2017,!46,Female,Sham-Tagged,5.00,Nectar,0.00,0.00,8.00,97.00,8.97
2017,!46,Female,Sham-Tagged,6.00,Fly (Direction ?),0.00,0.00,1.00,24.00,1.24
2017,!46,Female,Sham-Tagged,7.00,Land (Red Clover) and Nectar,1.00,60.00,58.00,51.00,118.51
2017,!46,Female,Sham-Tagged,8.00,Fly (North),0.00,0.00,3.00,60.00,3.60
2017,!46,Female,Sham-Tagged,9.00,Land (Red Clover) and Rest,11.00,660.00,45.00,76.00,705.76
2017,!46,Female,Sham-Tagged,10.00,Walk Around,0.00,0.00,6.00,24.00,6.24
2017,!46,Female,Sham-Tagged,11.00,Nectar ,0.00,0.00,2.00,32.00,62.32
2017,!46,Female,Sham-Tagged,12.00,Fly (East),0.00,0.00,5.00,37.00,5.37
2017,!46,Female,Sham-Tagged,13.00,Land (Common Milk Weed Flower) and Nectar,0.00,0.00,38.00,41.00,38.41
2017,!46,Female,Sham-Tagged,14.00,Fly (Direction ?),0.00,0.00,6.00,49.00,6.49
2017,!46,Female,Sham-Tagged,15.00,Land (Common Milk Weed Flower) and Nectar,2.00,120.00,35.00,7.00,155.07
2017,!5,Male,Sham-Tagged,1,Start Timer and Place Monarch,NA,NA,NA,NA,NA
2017,!5,Male,Sham-Tagged,2,Nectar,6,360,26,66,386.66
2017,!5,Male,Sham-Tagged,3,Rest,0,0,8,50,8.50
2017,!5,Male,Sham-Tagged,4,Nectar,2,120,58,21,178.00
2017,!5,Male,Sham-Tagged,,Fall off of milk weed due to wind,0,0,2,0,2.00
2017,!5,Male,Sham-Tagged,5,Catch Self on a dead plant stick and Rest,4,240,20,64,260.64
2017,!5,Male,Sham-Tagged,6,Fly,0,0,1,37,1.37
2017,!5,Male,Sham-Tagged,7,Land  (Grass/bottom vegetation) and Rest,2,120,24,10,144.10
2017,!5,Male,Sham-Tagged,8,Flutter (Fly) up trying to get out of bottom vegetation,0,0,2,47,2.47
2017,!5,Male,Sham-Tagged,9,Rest,0,0,41,55,41.55
2017,!5,Male,Sham-Tagged,10,Fly (south),0,0,1,73,1.73
2017,!5,Male,Sham-Tagged,11,Land (See pict 1… strong scented plant) and Rest,0,0,15,67,15.67
2017,!5,Male,Sham-Tagged,12,Fly (south east),0,0,7,33,7.33
2017,!5,Male,Sham-Tagged,13,Land (See pict 2… yellow daisy) and Rest,0,0,11,7,11.07
2017,!5,Male,Sham-Tagged,14,Fly (NE),0,0,9,23,9.23
2017,!5,Male,Sham-Tagged,15,Land (See pict 1 again… strong scented plant) and Rest,12,720,5,45,725.45
2017,!50,Male,Untagged,1.00,Start Timer and Place Monarch,NA,NA,NA,NA,NA
2017,!50,Male,Untagged,2.00,Nectar,3.00,180.00,0.00,97.00,180.97
2017,!50,Male,Untagged,3.00,Fly (West),0.00,0.00,2.00,6.00,2.06
2017,!50,Male,Untagged,4.00,Land (Common Milk Weed Flower) and Nectar,4.00,240.00,32.00,10.00,272.00
2017,!50,Male,Untagged,5.00,Fly (West),0.00,0.00,12.00,33.00,12.33
2017,!50,Male,Untagged,6.00,Land (Bee Balm) and Rest,0.00,0.00,6.00,71.00,6.71
2017,!50,Male,Untagged,7.00,Fly (East),0.00,0.00,15.00,59.00,15.59
2017,!50,Male,Untagged,8.00,Land (Crab Apple Tree Leaf) and Rest,12.00,720.00,1.00,37.00,721.37
2017,!51,Male,Sham-Tagged,1.00,Start Timer and Place Monarch,NA,NA,NA,NA,NA
2017,!51,Male,Sham-Tagged,2.00,Rest,0.00,0.00,0.00,59.00,0.59
2017,!51,Male,Sham-Tagged,3.00,Fly (North West),0.00,0.00,21.00,1.00,21.10
2017,!51,Male,Sham-Tagged,4.00,Land (Bee Balm) and Rest,1.00,60.00,30.00,18.00,90.18
2017,!51,Male,Sham-Tagged,5.00,Fly (South West),0.00,0.00,4.00,51.00,4.51
2017,!51,Male,Sham-Tagged,6.00,Land (Bee Balm) and Rest,0.00,0.00,1.00,92.00,1.92
2017,!51,Male,Sham-Tagged,7.00,Fly (South West),0.00,0.00,11.00,20.00,11.20
2017,!51,Male,Sham-Tagged,8.00,Land (Bare Ground) and Rest,0.00,0.00,11.00,24.00,11.24
2017,!51,Male,Sham-Tagged,9.00,Fly (North),0.00,0.00,1.00,92.00,1.92
2017,!51,Male,Sham-Tagged,10.00,Land (Dirt) and Rest,2.00,120.00,57.00,42.00,177.42
2017,!51,Male,Sham-Tagged,11.00,Fly (East),0.00,0.00,3.00,23.00,3.23
2017,!51,Male,Sham-Tagged,12.00,Land (Dirt) and Rest,0.00,0.00,6.00,43.00,6.43
2017,!51,Male,Sham-Tagged,13.00,Nectar (Taste),0.00,0.00,0.00,89.00,0.89
2017,!51,Male,Sham-Tagged,14.00,Fly (North),0.00,0.00,0.00,96.00,0.96
2017,!51,Male,Sham-Tagged,15.00,Land (See Pict 1… Bean like young plant) and Rest,0.00,0.00,31.00,24.00,31.24
2017,!51,Male,Sham-Tagged,16.00,Fly (East),0.00,0.00,5.00,6.00,5.06
2017,!51,Male,Sham-Tagged,17.00,Land (See Pict 1… Bean like young plant) and Nectar (Taste),0.00,0.00,18.00,68.00,18.68
2017,!51,Male,Sham-Tagged,18.00,Fly (South),0.00,0.00,6.00,4.00,6.04
2017,!51,Male,Sham-Tagged,19.00,Land (See Pict 2… ?) and Rest,0.00,0.00,4.00,66.00,4.66
2017,!51,Male,Sham-Tagged,20.00,Fly (South),0.00,0.00,10.00,77.00,10.77
2017,!51,Male,Sham-Tagged,21.00,Land (See Pick 2…?) and Rest,0.00,0.00,11.00,36.00,11.36
2017,!51,Male,Sham-Tagged,22.00,Fly (South),0.00,0.00,8.00,94.00,8.94
2017,!51,Male,Sham-Tagged,23.00,Land (?) and Rest,0.00,0.00,16.00,80.00,16.80
2017,!51,Male,Sham-Tagged,24.00,Fly (South)… See Notes,1.00,60.00,40.00,21.00,100.21
2017,!52,Male,Untagged,1.00,Start Timer and Place Monarch,NA,NA,NA,NA,NA
2017,!52,Male,Untagged,2.00,Rest,0.00,0.00,3.00,21.00,3.21
2017,!52,Male,Untagged,3.00,Nectar,2.00,120.00,43.00,4.00,163.04
2017,!52,Male,Untagged,4.00,Fly (direction ?),0.00,0.00,2.00,33.00,2.33
2017,!52,Male,Untagged,5.00,Land (Same Common Milk Weed Flower) and Nectar,0.00,0.00,3.00,64.00,3.64
2017,!52,Male,Untagged,6.00,Fly (direction ?),0.00,0.00,2.00,57.00,2.57
2017,!52,Male,Untagged,7.00,Land (Same Common Milk Weed Flower) and Rest,0.00,0.00,1.00,2.00,1.02
2017,!52,Male,Untagged,8.00,Fly (direction ?),0.00,0.00,0.00,96.00,0.96
2017,!52,Male,Untagged,9.00,Land (Same Common Milk Weed Flower) and Rest,0.00,0.00,1.00,70.00,1.70
2017,!52,Male,Untagged,10.00,Fly (direction ?),0.00,0.00,1.00,75.00,1.75
2017,!52,Male,Untagged,11.00,Land (Same Common Milk Weed Flower) and Nectar,0.00,0.00,38.00,91.00,38.91
2017,!52,Male,Untagged,12.00,Fly (direction ?),0.00,0.00,1.00,10.00,1.10
2017,!52,Male,Untagged,13.00,Land (Same Common Milk Weed Flower) and Nectar,0.00,0.00,44.00,50.00,44.50
2017,!52,Male,Untagged,14.00,Fly (direction ?),0.00,0.00,4.00,82.00,4.82
2017,!52,Male,Untagged,15.00,Land (Common Milk Weed Leaf) and Rest,0.00,0.00,2.00,30.00,2.30
2017,!52,Male,Untagged,16.00,Fly (direction ?),0.00,0.00,1.00,34.00,1.34
2017,!52,Male,Untagged,17.00,Land (Common Milk Weed Flower) and Rest,15.00,900.00,47.00,83.00,947.83
2017,!53,Male,Sham-Tagged,1.00,Start Timer and Place Monarch,NA,NA,NA,NA,NA
2017,!53,Male,Sham-Tagged,2.00,Fly (South),0.00,0.00,9.00,53.00,9.53
2017,!53,Male,Sham-Tagged,3.00,Land (Musk Thistle) and Nectar,6.00,360.00,56.00,34.00,416.34
2017,!53,Male,Sham-Tagged,4.00,Fly (South),0.00,0.00,5.00,32.00,5.32
2017,!53,Male,Sham-Tagged,5.00,Land (Musk Thistle) and Nectar,0.00,0.00,8.00,66.00,8.66
2017,!53,Male,Sham-Tagged,6.00,Fly (South),0.00,0.00,9.00,11.00,9.11
2017,!53,Male,Sham-Tagged,7.00,Land (White Clover) and Nectar,0.00,0.00,26.00,0.00,26.00
2017,!53,Male,Sham-Tagged,,Fly (?),0.00,0.00,30.00,0.00,30.00
2017,!53,Male,Sham-Tagged,8.00,Land (Bare Ground and Grass) and Rest,12.50,750.00,5.00,0.00,755.00
2017,!54,Male,Untagged,1.00,Start Timer and Place Monarch,NA,NA,NA,NA,NA
2017,!54,Male,Untagged,2.00,Nectar,0.00,0.00,58.00,82.00,58.82
2017,!54,Male,Untagged,3.00,Fly (S),0.00,0.00,11.00,10.00,11.10
2017,!54,Male,Untagged,4.00,Land (Common Milk Weed) and Rest,0.00,0.00,4.00,3.00,4.03
2017,!54,Male,Untagged,5.00,Fly (S),0.00,0.00,3.00,39.00,3.39
2017,!54,Male,Untagged,6.00,Land (Common Milk Weed) and Rest,0.00,0.00,3.00,93.00,3.93
2017,!54,Male,Untagged,7.00,Fly (S),0.00,0.00,5.00,91.00,5.91
2017,!54,Male,Untagged,8.00,Land (Golden Rod) and Rest,0.00,0.00,45.00,97.00,45.97
2017,!54,Male,Untagged,9.00,Fly (N),0.00,0.00,4.00,93.00,4.93
2017,!54,Male,Untagged,10.00,Land (Common Milk Weed) and Nectar,3.00,180.00,36.00,27.00,216.27
2017,!54,Male,Untagged,11.00,Fly (Circle),0.00,0.00,10.00,96.00,10.96
2017,!54,Male,Untagged,12.00,Land (Common Milk Weed Flower) and Nectar,1.00,60.00,9.00,97.00,69.97
2017,!54,Male,Untagged,13.00,Fly (East),0.00,0.00,11.00,9.00,11.09
2017,!54,Male,Untagged,14.00,Land (Common Milk Weed Flower) and Nectar,1.00,60.00,3.00,10.00,63.10
2017,!54,Male,Untagged,15.00,Fly (Circle),0.00,0.00,5.00,62.00,5.62
2017,!54,Male,Untagged,16.00,Land (Common Milk Weed Flower) and Rest,0.00,0.00,7.00,74.00,7.74
2017,!54,Male,Untagged,17.00,Fly (Circle),0.00,0.00,9.00,24.00,9.24
2017,!54,Male,Untagged,18.00,Land (Common Milk Weed Flower) and Rest,0.00,0.00,1.00,49.00,1.49
2017,!54,Male,Untagged,19.00,Fly (Circle),0.00,0.00,1.00,34.00,1.34
2017,!54,Male,Untagged,20.00,Land (Common Milk Weed Flower) and Rest,0.00,0.00,14.00,45.00,14.59
2017,!54,Male,Untagged,21.00,Fly (Circle),0.00,0.00,6.00,1.00,6.01
2017,!54,Male,Untagged,22.00,Land (Common Milk Weed Flower) and Nectar,1.00,60.00,59.00,70.00,119.70
2017,!54,Male,Untagged,23.00,Fly (Circle),0.00,0.00,3.00,21.00,3.21
2017,!54,Male,Untagged,24.00,Land (Common Milk Weed Flower) and Nectar,2.00,120.00,5.00,92.00,125.92
2017,!54,Male,Untagged,25.00,Fly (Circle),0.00,0.00,0.00,79.00,0.79
2017,!54,Male,Untagged,26.00,Land (Common Milk Weed Flower) and Nectar,0.00,0.00,42.00,12.00,42.12
2017,!54,Male,Untagged,27.00,Fly (Circle),0.00,0.00,3.00,86.00,3.86
2017,!54,Male,Untagged,28.00,Land (Common Milk Weed Flower) and Rest,0.00,0.00,4.00,10.00,4.10
2017,!54,Male,Untagged,29.00,Fly (Circle),0.00,0.00,9.00,34.00,9.34
2017,!54,Male,Untagged,30.00,Land (Common Milk Weed Flower) and Nectar,1.00,60.00,24.00,80.00,84.80
2017,!54,Male,Untagged,31.00,Fly (Circle),0.00,0.00,9.00,70.00,9.70
2017,!54,Male,Untagged,32.00,Land (Common Milk Weed Flower) and Rest,0.00,0.00,7.00,43.00,7.43
2017,!54,Male,Untagged,33.00,Fly (Circle),0.00,0.00,15.00,50.00,15.50
2017,!54,Male,Untagged,34.00,Land (Common Milk Weed Flower) and Nectar,0.00,0.00,47.00,55.00,47.55
2017,!54,Male,Untagged,35.00,Fly (Circle),0.00,0.00,36.00,17.00,36.17
2017,!54,Male,Untagged,36.00,Land (Common Milk Weed Flower) and Nectar,0.00,0.00,43.00,59.00,43.59
2017,!54,Male,Untagged,37.00,Fly (Circle),0.00,0.00,1.00,42.00,1.42
2017,!54,Male,Untagged,38.00,Land (Common Milk Weed Flower) and Nectar,0.00,0.00,12.00,84.00,12.84
2017,!54,Male,Untagged,39.00,Fly (Direction ?),0.00,0.00,13.00,70.00,13.70
2017,!54,Male,Untagged,40.00,Land (Common Milk Weed Flower) and Nectar,0.00,0.00,40.00,60.00,40.60
2017,!54,Male,Untagged,41.00,Fly (Direction ?),0.00,0.00,39.00,65.00,39.65
2017,!54,Male,Untagged,42.00,Land (Common Milk Weed Flower) and Rest,0.00,0.00,10.00,19.00,10.19
2017,!55,Male,Sham-Tagged,1.00,Start Timer and Place Monarch,NA,NA,NA,NA,NA
2017,!55,Male,Sham-Tagged,2.00,Flutter,0.00,0.00,2.00,89.00,2.89
2017,!55,Male,Sham-Tagged,3.00,Fly (West),0.00,0.00,2.00,80.00,2.80
2017,!55,Male,Sham-Tagged,4.00,Land (Common Milk Weed),0.00,0.00,8.00,64.00,8.64
2017,!55,Male,Sham-Tagged,5.00,Nectar,0.00,0.00,6.00,9.00,6.09
2017,!55,Male,Sham-Tagged,6.00,Fly (Direction ?),0.00,0.00,0.00,66.00,0.66
2017,!55,Male,Sham-Tagged,7.00,Land (Grass/foilage) and Rest,0.00,0.00,19.00,56.00,19.56
2017,!55,Male,Sham-Tagged,8.00,Flutter (Plus some crawling… Trying ot get out of grass/foilage),1.00,60.00,37.00,15.00,97.15
2017,!55,Male,Sham-Tagged,9.00,Rest,16.00,960.00,48.00,89.00,1008.89
2017,!66,Male,Sham-Tagged,1.00,Start Timer and Place Monarch,NA,NA,NA,NA,NA
2017,!66,Male,Sham-Tagged,2.00,Rest,0.00,0.00,21.00,53.00,21.53
2017,!66,Male,Sham-Tagged,3.00,Fall (Grass/Foilage),0.00,0.00,4.00,13.00,4.13
2017,!66,Male,Sham-Tagged,4.00,Flutter (Plus some Walking) (Trying to get out of grass/foilage),0.00,0.00,1.00,38.00,1.38
2017,!66,Male,Sham-Tagged,5.00,Fly (North West),1.00,60.00,48.00,61.00,108.61
2017,!71,Male,Sham-Tagged,1.00,Start Timer and Place Monarch,NA,NA,NA,NA,NA
2017,!71,Male,Sham-Tagged,2.00,Rest,0.00,0.00,2.00,47.00,2.47
2017,!71,Male,Sham-Tagged,3.00,Fly (North),0.00,0.00,9.00,26.00,9.26
2017,!71,Male,Sham-Tagged,4.00,Land (Thistle) and Nectar,1.00,60.00,56.00,97.00,116.97
2017,!71,Male,Sham-Tagged,5.00,Fly (Circle),0.00,0.00,6.00,93.00,6.93
2017,!71,Male,Sham-Tagged,6.00,Land (Thistle) and Nectar,1.00,60.00,7.00,23.00,67.23
2017,!71,Male,Sham-Tagged,7.00,Fly (Circle),0.00,0.00,3.00,40.00,3.40
2017,!71,Male,Sham-Tagged,8.00,Land (Thistle) and Nectar,2.00,120.00,58.00,69.00,178.69
2017,!71,Male,Sham-Tagged,9.00,Fly (Circle),0.00,0.00,3.00,96.00,3.96
2017,!71,Male,Sham-Tagged,10.00,Land (Thistle) and Nectar,1.00,60.00,19.00,35.00,79.35
2017,!71,Male,Sham-Tagged,11.00,Fly (Circle),0.00,0.00,3.00,73.00,3.73
2017,!71,Male,Sham-Tagged,12.00,Land (Thistle) and Nectar,0.00,0.00,16.00,17.00,16.17
2017,!71,Male,Sham-Tagged,13.00,Fly (South),0.00,0.00,2.00,49.00,2.49
2017,!71,Male,Sham-Tagged,14.00,Land (Thistle) and Rest,0.00,0.00,4.00,20.00,4.20
2017,!71,Male,Sham-Tagged,15.00,Fly (North),0.00,0.00,5.00,14.00,5.14
2017,!71,Male,Sham-Tagged,16.00,Land (Thistle) and Rest,0.00,0.00,21.00,56.00,21.56
2017,!71,Male,Sham-Tagged,17.00,Fly (South),0.00,0.00,16.00,75.00,16.75
2017,!71,Male,Sham-Tagged,18.00,Land (Thistle) and Nectar,3.00,180.00,32.00,78.00,212.78
2017,!71,Male,Sham-Tagged,19.00,Fly (West),1.00,60.00,7.00,93.00,67.93
2017,!86,Male,Sham-Tagged,1.00,Start Timer and Place Monarch,NA,NA,NA,NA,NA
2017,!86,Male,Sham-Tagged,2.00,Rest,0.00,0.00,1.00,63.00,1.63
2017,!86,Male,Sham-Tagged,3.00,Fly (East),0.00,0.00,5.00,63.00,5.63
2017,!86,Male,Sham-Tagged,4.00,Land (Red Clover) and Nectar,0.00,0.00,23.00,16.00,23.16
2017,!86,Male,Sham-Tagged,5.00,Fly (East),0.00,0.00,16.00,26.00,16.26
2017,!86,Male,Sham-Tagged,6.00,Land (Red Clover) and Nectar,0.00,0.00,14.00,46.00,14.46
2017,!86,Male,Sham-Tagged,7.00,Fly (East),0.00,0.00,22.00,80.00,22.80
2017,!86,Male,Sham-Tagged,8.00,Land (Grass) and Rest,0.00,0.00,27.00,83.00,27.83
2017,!86,Male,Sham-Tagged,9.00,Fly (West),0.00,0.00,28.00,60.00,28.60
2017,!86,Male,Sham-Tagged,10.00,Land (Red Clover Patch) … Looking (See notes…),0.00,0.00,2.00,80.00,2.80
2017,!88,Male,Untagged,1.00,Start Timer and Place Monarch,NA,NA,NA,NA,NA
2017,!88,Male,Untagged,2.00,Rest,0.00,0.00,1.00,77.00,1.77
2017,!88,Male,Untagged,3.00,Fly (West),0.00,0.00,7.00,62.00,7.62
2017,!88,Male,Untagged,4.00,Land (Red Clover) and Nectar,7.00,420.00,5.00,26.00,425.26
2017,!88,Male,Untagged,5.00,Fly (East),0.00,0.00,1.00,53.00,1.53
2017,!88,Male,Untagged,6.00,Land (Red Clover) and Nectar,5.00,300.00,55.00,69.00,355.69
2017,!88,Male,Untagged,7.00,Fly (East),0.00,0.00,1.00,9.00,1.09
2017,!88,Male,Untagged,8.00,Land (Red Clover) and Nectar,7.00,420.00,50.00,63.00,470.63
2017,!91,Male,Sham-Tagged,1.00,Start Timer and Place Monarch,NA,NA,NA,NA,NA
2017,!91,Male,Sham-Tagged,2.00,Nectar,0.00,0.00,8.00,24.00,8.24
2017,!91,Male,Sham-Tagged,3.00,Fly (South West),0.00,0.00,12.00,88.00,12.88
2017,!91,Male,Sham-Tagged,4.00,Land (Dead Red Clover) and Rest,0.00,0.00,23.00,34.00,23.34
2017,!91,Male,Sham-Tagged,5.00,Fly (South),0.00,0.00,0.00,99.00,0.99
2017,!91,Male,Sham-Tagged,6.00,Land (?) and Rest,0.00,0.00,2.00,4.00,2.04
2017,!91,Male,Sham-Tagged,7.00,Fly (West),0.00,0.00,16.00,83.00,16.83
2017,!91,Male,Sham-Tagged,8.00,Land (Red Clover) and Nectar,6.00,360.00,49.00,40.00,409.40
2017,!91,Male,Sham-Tagged,9.00,Fly (West),0.00,0.00,40.00,83.00,40.83
2017,!91,Male,Sham-Tagged,10.00,Land (Red Clover) and Nectar,0.00,0.00,41.00,37.00,41.37
2017,!91,Male,Sham-Tagged,11.00,Fly (South East and Circle),1.00,60.00,19.00,6.00,79.06
2017,!91,Male,Sham-Tagged,12.00,Land (Grass) and Rest,0.00,0.00,38.00,46.00,38.46
2017,!91,Male,Sham-Tagged,13.00,Fly (Direction ?),0.00,0.00,36.00,89.00,36.89
2017,!91,Male,Sham-Tagged,14.00,Land (Hay) and Rest,8.00,480.00,43.00,80.00,523.80
2017,!93,Male,Sham-Tagged,1.00,Start Timer and Place Monarch,NA,NA,NA,NA,NA
2017,!93,Male,Sham-Tagged,2.00,Rest,0.00,0.00,3.00,91.00,3.91
2017,!93,Male,Sham-Tagged,3.00,Fly (East) (Seen notes…),0.00,0.00,55.00,5.00,55.05
2017,!A,Male,Sham-Tagged,1.00,Start Timer and Place Moncarch,NA,NA,NA,NA,NA
2017,!A,Male,Sham-Tagged,2.00,Rest,12.00,720.00,26.00,74.00,746.74
2017,!A,Male,Sham-Tagged,3.00,Flutter (Feet did not leave the plant),0.00,0.00,2.00,90.00,2.90
2017,!A,Male,Sham-Tagged,4.00,Rest,0.00,0.00,16.00,61.00,16.61
2017,!A,Male,Sham-Tagged,5.00,Nectar (Taste),0.00,0.00,21.00,84.00,21.84
2017,!A,Male,Sham-Tagged,6.00,Nectar (Feed),0.00,0.00,7.00,53.00,7.53
2017,!A,Male,Sham-Tagged,7.00,Nectar (Taste),0.00,0.00,22.00,81.00,22.81
2017,!A,Male,Sham-Tagged,8.00,Nectar (Feed),0.00,0.00,0.00,0.00,0.80
2017,!A,Male,Sham-Tagged,9.00,Nectar (Taste),0.00,0.00,17.00,67.00,17.67
2017,!A,Male,Sham-Tagged,10.00,Nectar (Feed),0.00,0.00,1.00,35.00,1.35
2017,!A,Male,Sham-Tagged,11.00,Nectar (Taste),0.00,0.00,11.00,71.00,11.71
2017,!A,Male,Sham-Tagged,12.00,Nectar (Feed),0.00,0.00,3.00,3.00,3.30
2017,!A,Male,Sham-Tagged,13.00,Nectar (Taste),0.00,0.00,6.00,63.00,6.63
2017,!A,Male,Sham-Tagged,14.00,Nectar (Feed),0.00,0.00,1.00,79.00,1.79
2017,!A,Male,Sham-Tagged,15.00,Nectar (Taste),0.00,0.00,23.00,85.00,23.85
2017,!A,Male,Sham-Tagged,16.00,Nectar (Feed),0.00,0.00,1.00,20.00,1.20
2017,!A,Male,Sham-Tagged,17.00,Nectar (Taste),0.00,0.00,15.00,89.00,15.89
2017,!A,Male,Sham-Tagged,18.00,Nectar (Feed),0.00,0.00,1.00,26.00,1.26
2017,!A,Male,Sham-Tagged,19.00,Nectar (Taste),0.00,0.00,43.00,9.00,43.09
2017,!A,Male,Sham-Tagged,20.00,Nectar (Feed),0.00,0.00,1.00,16.00,1.16
2017,!A,Male,Sham-Tagged,21.00,Nectar (Taste),1.00,60.00,37.00,27.00,97.27
2017,!A,Male,Sham-Tagged,22.00,Nectar (Feed),0.00,0.00,1.00,90.00,1.90
2017,!A,Male,Sham-Tagged,23.00,Nectar (Taste),0.00,0.00,34.00,58.00,34.58
2017,!A,Male,Sham-Tagged,24.00,Nectar (Feed),0.00,0.00,2.00,90.00,2.90
2017,!A,Male,Sham-Tagged,25.00,Nectar (Taste),0.00,0.00,16.00,47.00,16.47
2017,!A,Male,Sham-Tagged,26.00,Rest,0.00,0.00,36.00,87.00,36.87
2017,!A,Male,Sham-Tagged,27.00,Flutter (Feet did not leave the plant),0.00,0.00,2.00,14.00,2.14
2017,!A,Male,Sham-Tagged,28.00,Rest,1.00,60.00,5.00,52.00,65.20
2017,!B,Male,Untagged,1.00,Start Timer and Place Monarch,NA,NA,NA,NA,NA
2017,!B,Male,Untagged,2.00,Nectar (Feed),0.00,0.00,10.00,26.00,10.26
2017,!B,Male,Untagged,3.00,Nectar (Taste),2.00,120.00,34.00,61.00,154.61
2017,!B,Male,Untagged,4.00,Nectar (Feed),0.00,0.00,6.00,6.00,6.06
2017,!B,Male,Untagged,5.00,Rest,0.00,0.00,23.00,10.00,23.10
2017,!B,Male,Untagged,6.00,Nectar (Feed),0.00,0.00,11.00,23.00,11.23
2017,!B,Male,Untagged,7.00,Nectar (Taste),1.00,60.00,40.00,36.00,100.36
2017,!B,Male,Untagged,8.00,Nectar (Feed),0.00,0.00,50.00,19.00,50.19
2017,!B,Male,Untagged,9.00,Nectar (Taste),1.00,60.00,43.00,42.00,103.42
2017,!B,Male,Untagged,10.00,Nectar (Feed),0.00,0.00,3.00,64.00,3.64
2017,!B,Male,Untagged,11.00,Nectar (Taste),2.00,120.00,36.00,45.00,156.45
2017,!B,Male,Untagged,12.00,Rest,0.00,0.00,6.00,80.00,6.80
2017,!B,Male,Untagged,13.00,Nectar (Taste),0.00,0.00,15.00,46.00,15.46
2017,!B,Male,Untagged,14.00,Rest,0.00,0.00,39.00,8.00,39.08
2017,!B,Male,Untagged,15.00,Nectar (Taste),0.00,0.00,22.00,31.00,22.31
2017,!B,Male,Untagged,16.00,Rest,0.00,0.00,5.00,56.00,5.56
2017,!B,Male,Untagged,17.00,Nectar (Taste),0.00,0.00,36.00,2.00,36.02
2017,!B,Male,Untagged,18.00,Rest ,0.00,0.00,26.00,88.00,26.88
2017,!B,Male,Untagged,19.00,Nectar (Taste),0.00,0.00,19.00,10.00,19.10
2017,!B,Male,Untagged,20.00,Nectar (Feed),0.00,0.00,9.00,57.00,9.57
2017,!B,Male,Untagged,21.00,Nectar (Taste),0.00,0.00,5.00,74.00,5.74
2017,!B,Male,Untagged,22.00,Nectar (Feed),0.00,0.00,29.00,27.00,29.27
2017,!B,Male,Untagged,23.00,Nectar (Taste),0.00,0.00,4.00,21.00,4.21
2017,!B,Male,Untagged,24.00,Nectar (Feed),0.00,0.00,24.00,30.00,24.30
2017,!B,Male,Untagged,25.00,Nectar (Taste),0.00,0.00,17.00,20.00,17.20
2017,!B,Male,Untagged,26.00,Rest,1.00,60.00,56.00,0.00,116.00
2017,!B,Male,Untagged,27.00,Nectar (Taste),0.00,0.00,15.00,6.00,15.06
2017,!B,Male,Untagged,28.00,Nectar (Feed),0.00,0.00,28.00,25.00,28.25
2017,!B,Male,Untagged,29.00,Nectar (Taste),0.00,0.00,7.00,10.00,7.10
2017,!B,Male,Untagged,30.00,Nectar (Feed),1.00,60.00,38.00,40.00,98.40
2017,!B,Male,Untagged,31.00,Nectar (Taste),0.00,0.00,3.00,16.00,3.16
2017,!B,Male,Untagged,32.00,Nectar (Feed),0.00,0.00,49.00,3.00,49.03
2017,!C,Male,Sham-Tagged,1.00,Start Timer and Place Monarch,NA,NA,NA,NA,NA
2017,!C,Male,Sham-Tagged,2.00,Rest ,0.00,0.00,4.00,33.00,4.33
2017,!C,Male,Sham-Tagged,3.00,Fly (S),0.00,0.00,1.00,14.00,1.14
2017,!C,Male,Sham-Tagged,4.00,Land (dead plant/stick) and Rest,1.00,60.00,35.00,49.00,95.49
2017,!C,Male,Sham-Tagged,5.00,Fly (W/SW),0.00,0.00,8.00,62.00,8.62
2017,!C,Male,Sham-Tagged,6.00,Land (See pict… purple plant) and Rest,10.00,600.00,34.00,17.00,634.17
2017,!C,Male,Sham-Tagged,7.00,Fly (Direction?),0.00,0.00,0.00,80.00,0.80
2017,!C,Male,Sham-Tagged,8.00,Land (see pict… same purple plant as above) and Rest,0.00,0.00,16.00,46.00,16.46
2017,!C,Male,Sham-Tagged,9.00,Nectar (Taste),0.00,0.00,7.00,71.00,7.71
2017,!C,Male,Sham-Tagged,10.00,Nectar (Feed),0.00,0.00,1.00,59.00,1.59
2017,!C,Male,Sham-Tagged,11.00,Nectar (Taste),0.00,0.00,7.00,10.00,7.10
2017,!C,Male,Sham-Tagged,12.00,Fly (Direction?),0.00,0.00,2.00,47.00,2.47
2017,!C,Male,Sham-Tagged,13.00,Land (Common milk weed flower) and Rest,0.00,0.00,9.00,37.00,9.37
2017,!C,Male,Sham-Tagged,14.00,Nectar (Taste),1.00,60.00,11.00,94.00,71.94
2017,!C,Male,Sham-Tagged,15.00,Nectar (Feed),0.00,0.00,2.00,17.00,2.17
2017,!C,Male,Sham-Tagged,16.00,Nectar (Taste),0.00,0.00,6.00,58.00,6.58
2017,!C,Male,Sham-Tagged,17.00,Nectar (Feed),0.00,0.00,1.00,15.00,1.15
2017,!C,Male,Sham-Tagged,18.00,Nectar (Taste),1.00,60.00,0.00,56.00,60.56
2017,!C,Male,Sham-Tagged,19.00,Nectar (Feed),0.00,0.00,2.00,96.00,2.96
2017,!C,Male,Sham-Tagged,20.00,Nectar (Taste),1.00,60.00,21.00,53.00,81.53
2017,!C,Male,Sham-Tagged,21.00,Nectar (Feed),0.00,0.00,1.00,80.00,1.80
2017,!C,Male,Sham-Tagged,22.00,Nectar (Taste),0.00,0.00,8.00,61.00,8.61
2017,!C,Male,Sham-Tagged,23.00,Rest ,0.00,0.00,4.00,12.00,4.12
2017,!C,Male,Sham-Tagged,24.00,Nectar (Taste),0.00,0.00,19.00,28.00,19.28
2017,!C,Male,Sham-Tagged,25.00,Nectar (Feed),0.00,0.00,2.00,43.00,2.43
2017,!C,Male,Sham-Tagged,26.00,Nectar (Taste),0.00,0.00,30.00,90.00,30.90
2017,!C,Male,Sham-Tagged,27.00,Nectar (Feed),0.00,0.00,1.00,7.00,1.07
2017,!C,Male,Sham-Tagged,28.00,Nectar (Taste),0.00,0.00,25.00,77.00,25.77
2017,!C,Male,Sham-Tagged,29.00,Nectar (Feed),0.00,0.00,3.00,17.00,3.17
2017,!C,Male,Sham-Tagged,30.00,Nectar (Taste),0.00,0.00,8.00,93.00,8.93
2017,!C,Male,Sham-Tagged,31.00,Nectar (Feed),0.00,0.00,2.00,9.00,2.09
2017,!C,Male,Sham-Tagged,32.00,Nectar (Taste),0.00,0.00,56.00,0.00,56.00
2017,!C,Male,Sham-Tagged,33.00,Rest ,0.00,0.00,16.00,94.00,16.94
